<?xml version='1.0' encoding='UTF-8'?><wsdl:definitions xmlns:xsd="http://www.w3.org/2001/XMLSchema" xmlns:wsdl="http://schemas.xmlsoap.org/wsdl/" xmlns:tns="http://webservice.ajxm.anche.com/" xmlns:soap="http://schemas.xmlsoap.org/wsdl/soap/" xmlns:ns1="http://schemas.xmlsoap.org/soap/http" name="VeptsServiceImplService" targetNamespace="http://webservice.ajxm.anche.com/">
  <wsdl:types>
<xs:schema xmlns:xs="http://www.w3.org/2001/XMLSchema" xmlns:tns="http://webservice.ajxm.anche.com/" elementFormDefault="unqualified" targetNamespace="http://webservice.ajxm.anche.com/" version="1.0">

  <xs:element name="query" type="tns:query"/>

  <xs:element name="queryResponse" type="tns:queryResponse"/>

  <xs:element name="write" type="tns:write"/>

  <xs:element name="writeResponse" type="tns:writeResponse"/>

  <xs:complexType name="write">
    <xs:sequence>
      <xs:element minOccurs="0" name="arg0" type="xs:string"/>
    </xs:sequence>
  </xs:complexType>

  <xs:complexType name="writeResponse">
    <xs:sequence>
      <xs:element minOccurs="0" name="return" type="xs:string"/>
    </xs:sequence>
  </xs:complexType>

  <xs:complexType name="query">
    <xs:sequence>
      <xs:element minOccurs="0" name="arg0" type="xs:string"/>
    </xs:sequence>
  </xs:complexType>

  <xs:complexType name="queryResponse">
    <xs:sequence>
      <xs:element minOccurs="0" name="return" type="xs:string"/>
    </xs:sequence>
  </xs:complexType>

</xs:schema>
  </wsdl:types>
  <wsdl:message name="query">
    <wsdl:part element="tns:query" name="parameters">
    </wsdl:part>
  </wsdl:message>
  <wsdl:message name="queryResponse">
    <wsdl:part element="tns:queryResponse" name="parameters">
    </wsdl:part>
  </wsdl:message>
  <wsdl:message name="writeResponse">
    <wsdl:part element="tns:writeResponse" name="parameters">
    </wsdl:part>
  </wsdl:message>
  <wsdl:message name="write">
    <wsdl:part element="tns:write" name="parameters">
    </wsdl:part>
  </wsdl:message>
  <wsdl:portType name="VeptsServiceImpl">
    <wsdl:operation name="write">
      <wsdl:input message="tns:write" name="write">
    </wsdl:input>
      <wsdl:output message="tns:writeResponse" name="writeResponse">
    </wsdl:output>
    </wsdl:operation>
    <wsdl:operation name="query">
      <wsdl:input message="tns:query" name="query">
    </wsdl:input>
      <wsdl:output message="tns:queryResponse" name="queryResponse">
    </wsdl:output>
    </wsdl:operation>
  </wsdl:portType>
  <wsdl:binding name="VeptsServiceImplServiceSoapBinding" type="tns:VeptsServiceImpl">
    <soap:binding style="document" transport="http://schemas.xmlsoap.org/soap/http"/>
    <wsdl:operation name="write">
      <soap:operation soapAction="http://webservice.ajxm.anche.com/write" style="document"/>
      <wsdl:input name="write">
        <soap:body use="literal"/>
      </wsdl:input>
      <wsdl:output name="writeResponse">
        <soap:body use="literal"/>
      </wsdl:output>
    </wsdl:operation>
    <wsdl:operation name="query">
      <soap:operation soapAction="http://webservice.ajxm.anche.com/query" style="document"/>
      <wsdl:input name="query">
        <soap:body use="literal"/>
      </wsdl:input>
      <wsdl:output name="queryResponse">
        <soap:body use="literal"/>
      </wsdl:output>
    </wsdl:operation>
  </wsdl:binding>
  <wsdl:service name="VeptsServiceImplService">
    <wsdl:port binding="tns:VeptsServiceImplServiceSoapBinding" name="VeptsServiceImplPort">
      <soap:address location="http://127.0.0.1:8080/vepts/services/VeptsOutAccess"/>
    </wsdl:port>
  </wsdl:service>
</wsdl:definitions>